<SwConfig protocol="1" ver="1" valid="180" minretry="60">
		<AutoUpdate interval="86400" url="https://cs.boingo.com/configuration-server/configurationxml?" />
		<Functions>
			<Function id="/WiFi/Functions" mode="Enable" visible="1" changeable="1">
				<AllowMode mode="Enable" />
				<AllowMode mode="Disable" />
			</Function>
			<Function id="/Profiles/UserDefined" mode="Enable"/>
			<Function id="/Profiles/ConnectModes" mode="Auto" visible="1" changeable="1">
				<AllowMode mode="Auto" />
				<AllowMode mode="Offer" />
				<AllowMode mode="manual" />
			</Function>
			<Function id="/SwConfig/Update/Auto" mode="Auto" visible="1" changeable="1">
				<AllowMode mode="Auto" />
				<AllowMode mode="Manual" />
			</Function>
		</Functions>
	
</SwConfig>
